Volkswagen Passat CC I," 2009, ",9700$,https://cars.av.by/volkswagen/passat-cc/18663126
Volkswagen Passat CC I (рестайлинг)," 2012, ",11300$,https://cars.av.by/volkswagen/passat-cc/19925231
Volkswagen Passat CC I (рестайлинг)," 2012, ",10200$,https://cars.av.by/volkswagen/passat-cc/20168284
Volkswagen Passat CC I," 2011, ",7000$,https://cars.av.by/volkswagen/passat-cc/20175180
Volkswagen Passat CC I," 2009, ",8500$,https://cars.av.by/volkswagen/passat-cc/20175125
Volkswagen Passat CC I (рестайлинг) CC I," 2015, ",16900$,https://cars.av.by/volkswagen/passat-cc/17464384
Volkswagen Passat CC I Sport," 2010, ",8500$,https://cars.av.by/volkswagen/passat-cc/17794779
Volkswagen Passat CC I (рестайлинг)," 2012, ",11800$,https://cars.av.by/volkswagen/passat-cc/18050869
Volkswagen Passat CC I," 2010, ",7500$,https://cars.av.by/volkswagen/passat-cc/17546875
Volkswagen Passat CC I," 2011, ",12000$,https://cars.av.by/volkswagen/passat-cc/18717662
Volkswagen Passat CC I," 2008, ",8000$,https://cars.av.by/volkswagen/passat-cc/20174372
Volkswagen Passat CC I 2.0 tsi CAWB," 2009, ",8500$,https://cars.av.by/volkswagen/passat-cc/17678668
Volkswagen Passat CC I," 2010, ",9900$,https://cars.av.by/volkswagen/passat-cc/19666057
Volkswagen Passat CC I," 2009, ",12000$,https://cars.av.by/volkswagen/passat-cc/19252103
Volkswagen Passat CC I," 2009, ",9000$,https://cars.av.by/volkswagen/passat-cc/20174210
Volkswagen Passat CC I (рестайлинг) 2.0 TSI," 2015, ",19000$,https://cars.av.by/volkswagen/passat-cc/20174118
Volkswagen Passat CC I," 2010, ",7100$,https://cars.av.by/volkswagen/passat-cc/18738909
Volkswagen Passat CC I," 2009, ",8000$,https://cars.av.by/volkswagen/passat-cc/17161014
Volkswagen Passat CC I," 2009, ",9550$,https://cars.av.by/volkswagen/passat-cc/20148143
Volkswagen Passat CC I (рестайлинг)," 2012, ",11850$,https://cars.av.by/volkswagen/passat-cc/17205846
Volkswagen Passat CC I (рестайлинг)," 2012, ",13500$,https://cars.av.by/volkswagen/passat-cc/13463087
Volkswagen Passat CC I (рестайлинг)," 2012, ",10900$,https://cars.av.by/volkswagen/passat-cc/19759280
Volkswagen Passat CC I (рестайлинг)," 2012, ",10300$,https://cars.av.by/volkswagen/passat-cc/17547583
Volkswagen Passat CC I," 2008, ",8000$,https://cars.av.by/volkswagen/passat-cc/16659167
Volkswagen Passat CC I TDI," 2009, ",10499$,https://cars.av.by/volkswagen/passat-cc/19953000
Volkswagen Passat CC I," 2011, ",10000$,https://cars.av.by/volkswagen/passat-cc/19427282
Volkswagen Passat CC I," 2009, ",9300$,https://cars.av.by/volkswagen/passat-cc/19243421
Volkswagen Passat CC I (рестайлинг)," 2012, ",11200$,https://cars.av.by/volkswagen/passat-cc/18704481
Volkswagen Passat CC I," 2008, ",8750$,https://cars.av.by/volkswagen/passat-cc/16727880
Volkswagen Passat CC I," 2010, ",9200$,https://cars.av.by/volkswagen/passat-cc/17674794
Volkswagen Passat CC I," 2010, ",9500$,https://cars.av.by/volkswagen/passat-cc/19251387
Volkswagen Passat CC I," 2009, ",11000$,https://cars.av.by/volkswagen/passat-cc/18755794
Volkswagen Passat CC I," 2010, ",14200$,https://cars.av.by/volkswagen/passat-cc/18193385
Volkswagen Passat CC I Sport," 2011, ",7350$,https://cars.av.by/volkswagen/passat-cc/17146887
Volkswagen Passat CC I (рестайлинг)," 2012, ",12300$,https://cars.av.by/volkswagen/passat-cc/18197648
Volkswagen Passat CC I," 2009, ",8500$,https://cars.av.by/volkswagen/passat-cc/16714385
Volkswagen Passat CC I," 2010, ",8700$,https://cars.av.by/volkswagen/passat-cc/18734959
Volkswagen Passat CC I (рестайлинг) DSG 6," 2012, ",12000$,https://cars.av.by/volkswagen/passat-cc/17919433
Volkswagen Passat CC I (рестайлинг)," 2012, ",14500$,https://cars.av.by/volkswagen/passat-cc/19267214
Volkswagen Passat CC I (рестайлинг)," 2012, ",11350$,https://cars.av.by/volkswagen/passat-cc/17817074
Volkswagen Passat CC I (рестайлинг)," 2012, ",9800$,https://cars.av.by/volkswagen/passat-cc/17553837
Volkswagen Passat CC I r-line," 2011, ",8000$,https://cars.av.by/volkswagen/passat-cc/20016052
Volkswagen Passat CC I," 2008, ",9150$,https://cars.av.by/volkswagen/passat-cc/18180705
Volkswagen Passat CC I," 2009, ",9100$,https://cars.av.by/volkswagen/passat-cc/18663559
Volkswagen Passat CC I 2.0 СBAB 140ls," 2008, ",10800$,https://cars.av.by/volkswagen/passat-cc/20016202
Volkswagen Passat CC I (рестайлинг)," 2016, ",16950$,https://cars.av.by/volkswagen/passat-cc/19275175
Volkswagen Passat CC I TFSI Sport," 2009, ",9200$,https://cars.av.by/volkswagen/passat-cc/16579491
Volkswagen Passat CC I dsg 6," 2010, ",9300$,https://cars.av.by/volkswagen/passat-cc/17352525
Volkswagen Passat CC I (рестайлинг)," 2012, ",13600$,https://cars.av.by/volkswagen/passat-cc/19671883
Volkswagen Passat CC I," 2009, ",10800$,https://cars.av.by/volkswagen/passat-cc/20018115
Volkswagen Passat CC I," 2010, ",9500$,https://cars.av.by/volkswagen/passat-cc/20172701
Volkswagen Passat CC I," 2010, ",7999$,https://cars.av.by/volkswagen/passat-cc/18655526
Volkswagen Passat CC I," 2009, ",7500$,https://cars.av.by/volkswagen/passat-cc/20018951
Volkswagen Passat CC I (рестайлинг)," 2012, ",12900$,https://cars.av.by/volkswagen/passat-cc/17465518
Volkswagen Passat CC I 2.0 TSI Sport," 2008, ",8200$,https://cars.av.by/volkswagen/passat-cc/17715002
Volkswagen Passat CC I," 2009, ",9900$,https://cars.av.by/volkswagen/passat-cc/18708655
Volkswagen Passat CC I (рестайлинг)," 2012, ",12200$,https://cars.av.by/volkswagen/passat-cc/17924285
Volkswagen Passat CC I спорт," 2008, ",8700$,https://cars.av.by/volkswagen/passat-cc/18710736
Volkswagen Passat CC I TSI," 2009, ",7500$,https://cars.av.by/volkswagen/passat-cc/18184134
Volkswagen Passat CC I," 2011, ",9800$,https://cars.av.by/volkswagen/passat-cc/18663653
Volkswagen Passat CC I," 2009, ",8990$,https://cars.av.by/volkswagen/passat-cc/19268935
Volkswagen Passat CC I 2.0 tsi," 2011, ",9000$,https://cars.av.by/volkswagen/passat-cc/17329755
Volkswagen Passat CC I (рестайлинг)," 2013, ",12450$,https://cars.av.by/volkswagen/passat-cc/18659656
Volkswagen Passat CC I," 2011, ",8500$,https://cars.av.by/volkswagen/passat-cc/16665933
Volkswagen Passat CC I," 2010, ",7600$,https://cars.av.by/volkswagen/passat-cc/19275680
Volkswagen Passat CC I Sport sedan," 2011, ",9500$,https://cars.av.by/volkswagen/passat-cc/19949260
Volkswagen Passat CC I," 2011, ",10700$,https://cars.av.by/volkswagen/passat-cc/20032644
Volkswagen Passat CC I," 2010, ",8700$,https://cars.av.by/volkswagen/passat-cc/17197972
Volkswagen Passat CC I," 2010, ",17000$,https://cars.av.by/volkswagen/passat-cc/16566524
Volkswagen Passat CC I (рестайлинг)," 2012, ",11900$,https://cars.av.by/volkswagen/passat-cc/18191357
Volkswagen Passat CC I," 2010, ",9100$,https://cars.av.by/volkswagen/passat-cc/17338829
Volkswagen Passat CC I R-LINE," 2011, ",9300$,https://cars.av.by/volkswagen/passat-cc/18186673
Volkswagen Passat CC I," 2010, ",9600$,https://cars.av.by/volkswagen/passat-cc/20050672
Volkswagen Passat CC I," 2011, ",11000$,https://cars.av.by/volkswagen/passat-cc/20033880
Volkswagen Passat CC I (рестайлинг)," 2012, ",14600$,https://cars.av.by/volkswagen/passat-cc/18704173
Volkswagen Passat CC I," 2010, ",7300$,https://cars.av.by/volkswagen/passat-cc/17464000
Volkswagen Passat CC I," 2011, ",8500$,https://cars.av.by/volkswagen/passat-cc/20049321
Volkswagen Passat CC I," 2008, ",9900$,https://cars.av.by/volkswagen/passat-cc/20005677
Volkswagen Passat CC I," 2009, ",8700$,https://cars.av.by/volkswagen/passat-cc/19964170
Volkswagen Passat CC I," 2009, ",7000$,https://cars.av.by/volkswagen/passat-cc/19267688
Volkswagen Passat CC I (рестайлинг)," 2012, ",15300$,https://cars.av.by/volkswagen/passat-cc/19941205
Volkswagen Passat CC I (рестайлинг)," 2012, ",9900$,https://cars.av.by/volkswagen/passat-cc/17817005
Volkswagen Passat CC I," 2008, ",7600$,https://cars.av.by/volkswagen/passat-cc/18191857
Volkswagen Passat CC I," 2010, ",9200$,https://cars.av.by/volkswagen/passat-cc/18717813
Volkswagen Passat CC I (рестайлинг) Sport," 2012, ",11000$,https://cars.av.by/volkswagen/passat-cc/16727000
Volkswagen Passat CC I," 2010, ",9000$,https://cars.av.by/volkswagen/passat-cc/16719998
Volkswagen Passat CC I," 2008, ",10500$,https://cars.av.by/volkswagen/passat-cc/18741179
Volkswagen Passat CC I," 2009, ",7600$,https://cars.av.by/volkswagen/passat-cc/16259514
Volkswagen Passat CC I," 2009, ",8250$,https://cars.av.by/volkswagen/passat-cc/17285418
Volkswagen Passat CC I," 2010, ",8989$,https://cars.av.by/volkswagen/passat-cc/16670820
Volkswagen Passat CC I," 2010, ",9800$,https://cars.av.by/volkswagen/passat-cc/17817283
Volkswagen Passat CC I," 2010, ",10700$,https://cars.av.by/volkswagen/passat-cc/17402505
Volkswagen Passat CC I," 2010, ",8500$,https://cars.av.by/volkswagen/passat-cc/17125671
Volkswagen Passat CC I," 2011, ",9000$,https://cars.av.by/volkswagen/passat-cc/16360083
Volkswagen Passat CC I," 2011, ",9300$,https://cars.av.by/volkswagen/passat-cc/16525323
Volkswagen Passat CC I (рестайлинг) Лифтбек," 2013, ",14900$,https://cars.av.by/volkswagen/passat-cc/20017980
Volkswagen Passat CC I," 2011, ",9500$,https://cars.av.by/volkswagen/passat-cc/19425410
Volkswagen Passat CC I (рестайлинг) 1.8 TSI," 2012, ",11900$,https://cars.av.by/volkswagen/passat-cc/17817624
Volkswagen Passat CC I," 2009, ",11200$,https://cars.av.by/volkswagen/passat-cc/16515806
Volkswagen Passat CC I," 2008, ",8900$,https://cars.av.by/volkswagen/passat-cc/18212665
Volkswagen Passat CC I," 2009, ",8500$,https://cars.av.by/volkswagen/passat-cc/20011573
Volkswagen Passat CC I," 2008, ",8200$,https://cars.av.by/volkswagen/passat-cc/19953272
Volkswagen Passat CC I (рестайлинг)," 2012, ",11200$,https://cars.av.by/volkswagen/passat-cc/18730020
Volkswagen Passat CC I," 2010, ",11450$,https://cars.av.by/volkswagen/passat-cc/19241904
Volkswagen Passat CC I," 2010, ",8999$,https://cars.av.by/volkswagen/passat-cc/17425364
Volkswagen Passat CC I (рестайлинг) R-Line," 2013, ",15500$,https://cars.av.by/volkswagen/passat-cc/17672855
Volkswagen Passat CC I," 2010, ",8500$,https://cars.av.by/volkswagen/passat-cc/19971066
Volkswagen Passat CC I," 2009, ",8500$,https://cars.av.by/volkswagen/passat-cc/19267113
Volkswagen Passat CC I," 2010, ",9000$,https://cars.av.by/volkswagen/passat-cc/18192045
Volkswagen Passat CC I," 2010, ",8600$,https://cars.av.by/volkswagen/passat-cc/17161257
Volkswagen Passat CC I," 2011, ",7900$,https://cars.av.by/volkswagen/passat-cc/19251155
Volkswagen Passat CC I," 2011, ",9000$,https://cars.av.by/volkswagen/passat-cc/16516739
Volkswagen Passat CC I R-line," 2011, ",9800$,https://cars.av.by/volkswagen/passat-cc/16603696
Volkswagen Passat CC I," 2009, ",9700$,https://cars.av.by/volkswagen/passat-cc/17405497
Volkswagen Passat CC I (рестайлинг)," 2015, ",15500$,https://cars.av.by/volkswagen/passat-cc/18578729
Volkswagen Passat CC I," 2009, ",8200$,https://cars.av.by/volkswagen/passat-cc/19963143
Volkswagen Passat CC I (рестайлинг)," 2012, ",14400$,https://cars.av.by/volkswagen/passat-cc/18196985
Volkswagen Passat CC I (рестайлинг)," 2012, ",13900$,https://cars.av.by/volkswagen/passat-cc/19868436
Volkswagen Passat CC I," 2012, ",10000$,https://cars.av.by/volkswagen/passat-cc/16710337
Volkswagen Passat CC I (рестайлинг)," 2012, ",10200$,https://cars.av.by/volkswagen/passat-cc/19953182
Volkswagen Passat CC I," 2011, ",9300$,https://cars.av.by/volkswagen/passat-cc/14515693
Volkswagen Passat CC I," 2010, ",9250$,https://cars.av.by/volkswagen/passat-cc/19945640
Volkswagen Passat CC I," 2009, ",10500$,https://cars.av.by/volkswagen/passat-cc/16427641
Volkswagen Passat CC I," 2010, ",10500$,https://cars.av.by/volkswagen/passat-cc/15904235
Volkswagen Passat CC I (рестайлинг)," 2015, ",17000$,https://cars.av.by/volkswagen/passat-cc/18662901
